id,symbol,sec filings
1,MMM,http://www.sec.gov/cgi-bin/browse-edgar?action=getcompany&CIK=MMM
2,AOS,http://www.sec.gov/cgi-bin/browse-edgar?action=getcompany&CIK=AOS
3,ABT,http://www.sec.gov/cgi-bin/browse-edgar?action=getcompany&CIK=ABT
4,ABBV,http://www.sec.gov/cgi-bin/browse-edgar?action=getcompany&CIK=ABBV
5,ACN,http://www.sec.gov/cgi-bin/browse-edgar?action=getcompany&CIK=ACN
6,ATVI,http://www.sec.gov/cgi-bin/browse-edgar?action=getcompany&CIK=ATVI
7,AYI,http://www.sec.gov/cgi-bin/browse-edgar?action=getcompany&CIK=AYI
8,ADBE,http://www.sec.gov/cgi-bin/browse-edgar?action=getcompany&CIK=ADBE
9,AAP,http://www.sec.gov/cgi-bin/browse-edgar?action=getcompany&CIK=AAP
10,AMD,http://www.sec.gov/cgi-bin/browse-edgar?action=getcompany&CIK=AMD
11,AES,http://www.sec.gov/cgi-bin/browse-edgar?action=getcompany&CIK=AES
12,AET,http://www.sec.gov/cgi-bin/browse-edgar?action=getcompany&CIK=AET
13,AMG,http://www.sec.gov/cgi-bin/browse-edgar?action=getcompany&CIK=AMG
14,AFL,http://www.sec.gov/cgi-bin/browse-edgar?action=getcompany&CIK=AFL
15,A,http://www.sec.gov/cgi-bin/browse-edgar?action=getcompany&CIK=A
16,APD,http://www.sec.gov/cgi-bin/browse-edgar?action=getcompany&CIK=APD
17,AKAM,http://www.sec.gov/cgi-bin/browse-edgar?action=getcompany&CIK=AKAM
18,ALK,http://www.sec.gov/cgi-bin/browse-edgar?action=getcompany&CIK=ALK
19,ALB,http://www.sec.gov/cgi-bin/browse-edgar?action=getcompany&CIK=ALB
20,ARE,http://www.sec.gov/cgi-bin/browse-edgar?action=getcompany&CIK=ARE
21,ALXN,http://www.sec.gov/cgi-bin/browse-edgar?action=getcompany&CIK=ALXN
22,ALGN,http://www.sec.gov/cgi-bin/browse-edgar?action=getcompany&CIK=ALGN
23,ALLE,http://www.sec.gov/cgi-bin/browse-edgar?action=getcompany&CIK=ALLE
24,AGN,http://www.sec.gov/cgi-bin/browse-edgar?action=getcompany&CIK=AGN
25,ADS,http://www.sec.gov/cgi-bin/browse-edgar?action=getcompany&CIK=ADS
26,LNT,http://www.sec.gov/cgi-bin/browse-edgar?action=getcompany&CIK=LNT
27,ALL,http://www.sec.gov/cgi-bin/browse-edgar?action=getcompany&CIK=ALL
28,GOOGL,http://www.sec.gov/cgi-bin/browse-edgar?action=getcompany&CIK=GOOGL
29,GOOG,http://www.sec.gov/cgi-bin/browse-edgar?action=getcompany&CIK=GOOG
30,MO,http://www.sec.gov/cgi-bin/browse-edgar?action=getcompany&CIK=MO
31,AMZN,http://www.sec.gov/cgi-bin/browse-edgar?action=getcompany&CIK=AMZN
32,AEE,http://www.sec.gov/cgi-bin/browse-edgar?action=getcompany&CIK=AEE
33,AAL,http://www.sec.gov/cgi-bin/browse-edgar?action=getcompany&CIK=AAL
34,AEP,http://www.sec.gov/cgi-bin/browse-edgar?action=getcompany&CIK=AEP
35,AXP,http://www.sec.gov/cgi-bin/browse-edgar?action=getcompany&CIK=AXP
36,AIG,http://www.sec.gov/cgi-bin/browse-edgar?action=getcompany&CIK=AIG
37,AMT,http://www.sec.gov/cgi-bin/browse-edgar?action=getcompany&CIK=AMT
38,AWK,http://www.sec.gov/cgi-bin/browse-edgar?action=getcompany&CIK=AWK
39,AMP,http://www.sec.gov/cgi-bin/browse-edgar?action=getcompany&CIK=AMP
40,ABC,http://www.sec.gov/cgi-bin/browse-edgar?action=getcompany&CIK=ABC
41,AME,http://www.sec.gov/cgi-bin/browse-edgar?action=getcompany&CIK=AME
42,AMGN,http://www.sec.gov/cgi-bin/browse-edgar?action=getcompany&CIK=AMGN
43,APH,http://www.sec.gov/cgi-bin/browse-edgar?action=getcompany&CIK=APH
44,APC,http://www.sec.gov/cgi-bin/browse-edgar?action=getcompany&CIK=APC
45,ADI,http://www.sec.gov/cgi-bin/browse-edgar?action=getcompany&CIK=ADI
46,ANDV,http://www.sec.gov/cgi-bin/browse-edgar?action=getcompany&CIK=ANDV
47,ANSS,http://www.sec.gov/cgi-bin/browse-edgar?action=getcompany&CIK=ANSS
48,ANTM,http://www.sec.gov/cgi-bin/browse-edgar?action=getcompany&CIK=ANTM
49,AON,http://www.sec.gov/cgi-bin/browse-edgar?action=getcompany&CIK=AON
50,APA,http://www.sec.gov/cgi-bin/browse-edgar?action=getcompany&CIK=APA
51,AIV,http://www.sec.gov/cgi-bin/browse-edgar?action=getcompany&CIK=AIV
52,AAPL,http://www.sec.gov/cgi-bin/browse-edgar?action=getcompany&CIK=AAPL
53,AMAT,http://www.sec.gov/cgi-bin/browse-edgar?action=getcompany&CIK=AMAT
54,APTV,http://www.sec.gov/cgi-bin/browse-edgar?action=getcompany&CIK=APTV
55,ADM,http://www.sec.gov/cgi-bin/browse-edgar?action=getcompany&CIK=ADM
56,ARNC,http://www.sec.gov/cgi-bin/browse-edgar?action=getcompany&CIK=ARNC
57,AJG,http://www.sec.gov/cgi-bin/browse-edgar?action=getcompany&CIK=AJG
58,AIZ,http://www.sec.gov/cgi-bin/browse-edgar?action=getcompany&CIK=AIZ
59,T,http://www.sec.gov/cgi-bin/browse-edgar?action=getcompany&CIK=T
60,ADSK,http://www.sec.gov/cgi-bin/browse-edgar?action=getcompany&CIK=ADSK
61,ADP,http://www.sec.gov/cgi-bin/browse-edgar?action=getcompany&CIK=ADP
62,AZO,http://www.sec.gov/cgi-bin/browse-edgar?action=getcompany&CIK=AZO
63,AVB,http://www.sec.gov/cgi-bin/browse-edgar?action=getcompany&CIK=AVB
64,AVY,http://www.sec.gov/cgi-bin/browse-edgar?action=getcompany&CIK=AVY
65,BHGE,http://www.sec.gov/cgi-bin/browse-edgar?action=getcompany&CIK=BHGE
66,BLL,http://www.sec.gov/cgi-bin/browse-edgar?action=getcompany&CIK=BLL
67,BAC,http://www.sec.gov/cgi-bin/browse-edgar?action=getcompany&CIK=BAC
68,BAX,http://www.sec.gov/cgi-bin/browse-edgar?action=getcompany&CIK=BAX
69,BBT,http://www.sec.gov/cgi-bin/browse-edgar?action=getcompany&CIK=BBT
70,BDX,http://www.sec.gov/cgi-bin/browse-edgar?action=getcompany&CIK=BDX
71,BRK.B,http://www.sec.gov/cgi-bin/browse-edgar?action=getcompany&CIK=BRK.B
72,BBY,http://www.sec.gov/cgi-bin/browse-edgar?action=getcompany&CIK=BBY
73,BIIB,http://www.sec.gov/cgi-bin/browse-edgar?action=getcompany&CIK=BIIB
74,BLK,http://www.sec.gov/cgi-bin/browse-edgar?action=getcompany&CIK=BLK
75,HRB,http://www.sec.gov/cgi-bin/browse-edgar?action=getcompany&CIK=HRB
76,BA,http://www.sec.gov/cgi-bin/browse-edgar?action=getcompany&CIK=BA
77,BWA,http://www.sec.gov/cgi-bin/browse-edgar?action=getcompany&CIK=BWA
78,BXP,http://www.sec.gov/cgi-bin/browse-edgar?action=getcompany&CIK=BXP
79,BSX,http://www.sec.gov/cgi-bin/browse-edgar?action=getcompany&CIK=BSX
80,BHF,http://www.sec.gov/cgi-bin/browse-edgar?action=getcompany&CIK=BHF
81,BMY,http://www.sec.gov/cgi-bin/browse-edgar?action=getcompany&CIK=BMY
82,AVGO,http://www.sec.gov/cgi-bin/browse-edgar?action=getcompany&CIK=AVGO
83,BF.B,http://www.sec.gov/cgi-bin/browse-edgar?action=getcompany&CIK=BF.B
84,CHRW,http://www.sec.gov/cgi-bin/browse-edgar?action=getcompany&CIK=CHRW
85,CA,http://www.sec.gov/cgi-bin/browse-edgar?action=getcompany&CIK=CA
86,COG,http://www.sec.gov/cgi-bin/browse-edgar?action=getcompany&CIK=COG
87,CDNS,http://www.sec.gov/cgi-bin/browse-edgar?action=getcompany&CIK=CDNS
88,CPB,http://www.sec.gov/cgi-bin/browse-edgar?action=getcompany&CIK=CPB
89,COF,http://www.sec.gov/cgi-bin/browse-edgar?action=getcompany&CIK=COF
90,CAH,http://www.sec.gov/cgi-bin/browse-edgar?action=getcompany&CIK=CAH
91,KMX,http://www.sec.gov/cgi-bin/browse-edgar?action=getcompany&CIK=KMX
92,CCL,http://www.sec.gov/cgi-bin/browse-edgar?action=getcompany&CIK=CCL
93,CAT,http://www.sec.gov/cgi-bin/browse-edgar?action=getcompany&CIK=CAT
94,CBOE,http://www.sec.gov/cgi-bin/browse-edgar?action=getcompany&CIK=CBOE
95,CBG,http://www.sec.gov/cgi-bin/browse-edgar?action=getcompany&CIK=CBG
96,CBS,http://www.sec.gov/cgi-bin/browse-edgar?action=getcompany&CIK=CBS
97,CELG,http://www.sec.gov/cgi-bin/browse-edgar?action=getcompany&CIK=CELG
98,CNC,http://www.sec.gov/cgi-bin/browse-edgar?action=getcompany&CIK=CNC
99,CNP,http://www.sec.gov/cgi-bin/browse-edgar?action=getcompany&CIK=CNP
100,CTL,http://www.sec.gov/cgi-bin/browse-edgar?action=getcompany&CIK=CTL
101,CERN,http://www.sec.gov/cgi-bin/browse-edgar?action=getcompany&CIK=CERN
102,CF,http://www.sec.gov/cgi-bin/browse-edgar?action=getcompany&CIK=CF
103,SCHW,http://www.sec.gov/cgi-bin/browse-edgar?action=getcompany&CIK=SCHW
104,CHTR,http://www.sec.gov/cgi-bin/browse-edgar?action=getcompany&CIK=CHTR
105,CHK,http://www.sec.gov/cgi-bin/browse-edgar?action=getcompany&CIK=CHK
106,CVX,http://www.sec.gov/cgi-bin/browse-edgar?action=getcompany&CIK=CVX
107,CMG,http://www.sec.gov/cgi-bin/browse-edgar?action=getcompany&CIK=CMG
108,CB,http://www.sec.gov/cgi-bin/browse-edgar?action=getcompany&CIK=CB
109,CHD,http://www.sec.gov/cgi-bin/browse-edgar?action=getcompany&CIK=CHD
110,CI,http://www.sec.gov/cgi-bin/browse-edgar?action=getcompany&CIK=CI
111,XEC,http://www.sec.gov/cgi-bin/browse-edgar?action=getcompany&CIK=XEC
112,CINF,http://www.sec.gov/cgi-bin/browse-edgar?action=getcompany&CIK=CINF
113,CTAS,http://www.sec.gov/cgi-bin/browse-edgar?action=getcompany&CIK=CTAS
114,CSCO,http://www.sec.gov/cgi-bin/browse-edgar?action=getcompany&CIK=CSCO
115,C,http://www.sec.gov/cgi-bin/browse-edgar?action=getcompany&CIK=C
116,CFG,http://www.sec.gov/cgi-bin/browse-edgar?action=getcompany&CIK=CFG
117,CTXS,http://www.sec.gov/cgi-bin/browse-edgar?action=getcompany&CIK=CTXS
118,CME,http://www.sec.gov/cgi-bin/browse-edgar?action=getcompany&CIK=CME
119,CMS,http://www.sec.gov/cgi-bin/browse-edgar?action=getcompany&CIK=CMS
120,KO,http://www.sec.gov/cgi-bin/browse-edgar?action=getcompany&CIK=KO
121,CTSH,http://www.sec.gov/cgi-bin/browse-edgar?action=getcompany&CIK=CTSH
122,CL,http://www.sec.gov/cgi-bin/browse-edgar?action=getcompany&CIK=CL
123,CMCSA,http://www.sec.gov/cgi-bin/browse-edgar?action=getcompany&CIK=CMCSA
124,CMA,http://www.sec.gov/cgi-bin/browse-edgar?action=getcompany&CIK=CMA
125,CAG,http://www.sec.gov/cgi-bin/browse-edgar?action=getcompany&CIK=CAG
126,CXO,http://www.sec.gov/cgi-bin/browse-edgar?action=getcompany&CIK=CXO
127,COP,http://www.sec.gov/cgi-bin/browse-edgar?action=getcompany&CIK=COP
128,ED,http://www.sec.gov/cgi-bin/browse-edgar?action=getcompany&CIK=ED
129,STZ,http://www.sec.gov/cgi-bin/browse-edgar?action=getcompany&CIK=STZ
130,GLW,http://www.sec.gov/cgi-bin/browse-edgar?action=getcompany&CIK=GLW
131,COST,http://www.sec.gov/cgi-bin/browse-edgar?action=getcompany&CIK=COST
132,COTY,http://www.sec.gov/cgi-bin/browse-edgar?action=getcompany&CIK=COTY
133,CCI,http://www.sec.gov/cgi-bin/browse-edgar?action=getcompany&CIK=CCI
134,CSRA,http://www.sec.gov/cgi-bin/browse-edgar?action=getcompany&CIK=CSRA
135,CSX,http://www.sec.gov/cgi-bin/browse-edgar?action=getcompany&CIK=CSX
136,CMI,http://www.sec.gov/cgi-bin/browse-edgar?action=getcompany&CIK=CMI
137,CVS,http://www.sec.gov/cgi-bin/browse-edgar?action=getcompany&CIK=CVS
138,DHI,http://www.sec.gov/cgi-bin/browse-edgar?action=getcompany&CIK=DHI
139,DHR,http://www.sec.gov/cgi-bin/browse-edgar?action=getcompany&CIK=DHR
140,DRI,http://www.sec.gov/cgi-bin/browse-edgar?action=getcompany&CIK=DRI
141,DVA,http://www.sec.gov/cgi-bin/browse-edgar?action=getcompany&CIK=DVA
142,DE,http://www.sec.gov/cgi-bin/browse-edgar?action=getcompany&CIK=DE
143,DAL,http://www.sec.gov/cgi-bin/browse-edgar?action=getcompany&CIK=DAL
144,XRAY,http://www.sec.gov/cgi-bin/browse-edgar?action=getcompany&CIK=XRAY
145,DVN,http://www.sec.gov/cgi-bin/browse-edgar?action=getcompany&CIK=DVN
146,DLR,http://www.sec.gov/cgi-bin/browse-edgar?action=getcompany&CIK=DLR
147,DFS,http://www.sec.gov/cgi-bin/browse-edgar?action=getcompany&CIK=DFS
148,DISCA,http://www.sec.gov/cgi-bin/browse-edgar?action=getcompany&CIK=DISCA
149,DISCK,http://www.sec.gov/cgi-bin/browse-edgar?action=getcompany&CIK=DISCK
150,DISH,http://www.sec.gov/cgi-bin/browse-edgar?action=getcompany&CIK=DISH
151,DG,http://www.sec.gov/cgi-bin/browse-edgar?action=getcompany&CIK=DG
152,DLTR,http://www.sec.gov/cgi-bin/browse-edgar?action=getcompany&CIK=DLTR
153,D,http://www.sec.gov/cgi-bin/browse-edgar?action=getcompany&CIK=D
154,DOV,http://www.sec.gov/cgi-bin/browse-edgar?action=getcompany&CIK=DOV
155,DWDP,http://www.sec.gov/cgi-bin/browse-edgar?action=getcompany&CIK=DWDP
156,DPS,http://www.sec.gov/cgi-bin/browse-edgar?action=getcompany&CIK=DPS
157,DTE,http://www.sec.gov/cgi-bin/browse-edgar?action=getcompany&CIK=DTE
158,DUK,http://www.sec.gov/cgi-bin/browse-edgar?action=getcompany&CIK=DUK
159,DRE,http://www.sec.gov/cgi-bin/browse-edgar?action=getcompany&CIK=DRE
160,DXC,http://www.sec.gov/cgi-bin/browse-edgar?action=getcompany&CIK=DXC
161,ETFC,http://www.sec.gov/cgi-bin/browse-edgar?action=getcompany&CIK=ETFC
162,EMN,http://www.sec.gov/cgi-bin/browse-edgar?action=getcompany&CIK=EMN
163,ETN,http://www.sec.gov/cgi-bin/browse-edgar?action=getcompany&CIK=ETN
164,EBAY,http://www.sec.gov/cgi-bin/browse-edgar?action=getcompany&CIK=EBAY
165,ECL,http://www.sec.gov/cgi-bin/browse-edgar?action=getcompany&CIK=ECL
166,EIX,http://www.sec.gov/cgi-bin/browse-edgar?action=getcompany&CIK=EIX
167,EW,http://www.sec.gov/cgi-bin/browse-edgar?action=getcompany&CIK=EW
168,EA,http://www.sec.gov/cgi-bin/browse-edgar?action=getcompany&CIK=EA
169,EMR,http://www.sec.gov/cgi-bin/browse-edgar?action=getcompany&CIK=EMR
170,ETR,http://www.sec.gov/cgi-bin/browse-edgar?action=getcompany&CIK=ETR
171,EVHC,http://www.sec.gov/cgi-bin/browse-edgar?action=getcompany&CIK=EVHC
172,EOG,http://www.sec.gov/cgi-bin/browse-edgar?action=getcompany&CIK=EOG
173,EQT,http://www.sec.gov/cgi-bin/browse-edgar?action=getcompany&CIK=EQT
174,EFX,http://www.sec.gov/cgi-bin/browse-edgar?action=getcompany&CIK=EFX
175,EQIX,http://www.sec.gov/cgi-bin/browse-edgar?action=getcompany&CIK=EQIX
176,EQR,http://www.sec.gov/cgi-bin/browse-edgar?action=getcompany&CIK=EQR
177,ESS,http://www.sec.gov/cgi-bin/browse-edgar?action=getcompany&CIK=ESS
178,EL,http://www.sec.gov/cgi-bin/browse-edgar?action=getcompany&CIK=EL
179,RE,http://www.sec.gov/cgi-bin/browse-edgar?action=getcompany&CIK=RE
180,ES,http://www.sec.gov/cgi-bin/browse-edgar?action=getcompany&CIK=ES
181,EXC,http://www.sec.gov/cgi-bin/browse-edgar?action=getcompany&CIK=EXC
182,EXPE,http://www.sec.gov/cgi-bin/browse-edgar?action=getcompany&CIK=EXPE
183,EXPD,http://www.sec.gov/cgi-bin/browse-edgar?action=getcompany&CIK=EXPD
184,ESRX,http://www.sec.gov/cgi-bin/browse-edgar?action=getcompany&CIK=ESRX
185,EXR,http://www.sec.gov/cgi-bin/browse-edgar?action=getcompany&CIK=EXR
186,XOM,http://www.sec.gov/cgi-bin/browse-edgar?action=getcompany&CIK=XOM
187,FFIV,http://www.sec.gov/cgi-bin/browse-edgar?action=getcompany&CIK=FFIV
188,FB,http://www.sec.gov/cgi-bin/browse-edgar?action=getcompany&CIK=FB
189,FAST,http://www.sec.gov/cgi-bin/browse-edgar?action=getcompany&CIK=FAST
190,FRT,http://www.sec.gov/cgi-bin/browse-edgar?action=getcompany&CIK=FRT
191,FDX,http://www.sec.gov/cgi-bin/browse-edgar?action=getcompany&CIK=FDX
192,FIS,http://www.sec.gov/cgi-bin/browse-edgar?action=getcompany&CIK=FIS
193,FITB,http://www.sec.gov/cgi-bin/browse-edgar?action=getcompany&CIK=FITB
194,FE,http://www.sec.gov/cgi-bin/browse-edgar?action=getcompany&CIK=FE
195,FISV,http://www.sec.gov/cgi-bin/browse-edgar?action=getcompany&CIK=FISV
196,FLIR,http://www.sec.gov/cgi-bin/browse-edgar?action=getcompany&CIK=FLIR
197,FLS,http://www.sec.gov/cgi-bin/browse-edgar?action=getcompany&CIK=FLS
198,FLR,http://www.sec.gov/cgi-bin/browse-edgar?action=getcompany&CIK=FLR
199,FMC,http://www.sec.gov/cgi-bin/browse-edgar?action=getcompany&CIK=FMC
200,FL,http://www.sec.gov/cgi-bin/browse-edgar?action=getcompany&CIK=FL
201,F,http://www.sec.gov/cgi-bin/browse-edgar?action=getcompany&CIK=F
202,FTV,http://www.sec.gov/cgi-bin/browse-edgar?action=getcompany&CIK=FTV
203,FBHS,http://www.sec.gov/cgi-bin/browse-edgar?action=getcompany&CIK=FBHS
204,BEN,http://www.sec.gov/cgi-bin/browse-edgar?action=getcompany&CIK=BEN
205,FCX,http://www.sec.gov/cgi-bin/browse-edgar?action=getcompany&CIK=FCX
206,GPS,http://www.sec.gov/cgi-bin/browse-edgar?action=getcompany&CIK=GPS
207,GRMN,http://www.sec.gov/cgi-bin/browse-edgar?action=getcompany&CIK=GRMN
208,IT,http://www.sec.gov/cgi-bin/browse-edgar?action=getcompany&CIK=IT
209,GD,http://www.sec.gov/cgi-bin/browse-edgar?action=getcompany&CIK=GD
210,GE,http://www.sec.gov/cgi-bin/browse-edgar?action=getcompany&CIK=GE
211,GGP,http://www.sec.gov/cgi-bin/browse-edgar?action=getcompany&CIK=GGP
212,GIS,http://www.sec.gov/cgi-bin/browse-edgar?action=getcompany&CIK=GIS
213,GM,http://www.sec.gov/cgi-bin/browse-edgar?action=getcompany&CIK=GM
214,GPC,http://www.sec.gov/cgi-bin/browse-edgar?action=getcompany&CIK=GPC
215,GILD,http://www.sec.gov/cgi-bin/browse-edgar?action=getcompany&CIK=GILD
216,GPN,http://www.sec.gov/cgi-bin/browse-edgar?action=getcompany&CIK=GPN
217,GS,http://www.sec.gov/cgi-bin/browse-edgar?action=getcompany&CIK=GS
218,GT,http://www.sec.gov/cgi-bin/browse-edgar?action=getcompany&CIK=GT
219,GWW,http://www.sec.gov/cgi-bin/browse-edgar?action=getcompany&CIK=GWW
220,HAL,http://www.sec.gov/cgi-bin/browse-edgar?action=getcompany&CIK=HAL
221,HBI,http://www.sec.gov/cgi-bin/browse-edgar?action=getcompany&CIK=HBI
222,HOG,http://www.sec.gov/cgi-bin/browse-edgar?action=getcompany&CIK=HOG
223,HRS,http://www.sec.gov/cgi-bin/browse-edgar?action=getcompany&CIK=HRS
224,HIG,http://www.sec.gov/cgi-bin/browse-edgar?action=getcompany&CIK=HIG
225,HAS,http://www.sec.gov/cgi-bin/browse-edgar?action=getcompany&CIK=HAS
226,HCA,http://www.sec.gov/cgi-bin/browse-edgar?action=getcompany&CIK=HCA
227,HCP,http://www.sec.gov/cgi-bin/browse-edgar?action=getcompany&CIK=HCP
228,HP,http://www.sec.gov/cgi-bin/browse-edgar?action=getcompany&CIK=HP
229,HSIC,http://www.sec.gov/cgi-bin/browse-edgar?action=getcompany&CIK=HSIC
230,HES,http://www.sec.gov/cgi-bin/browse-edgar?action=getcompany&CIK=HES
231,HPE,http://www.sec.gov/cgi-bin/browse-edgar?action=getcompany&CIK=HPE
232,HLT,http://www.sec.gov/cgi-bin/browse-edgar?action=getcompany&CIK=HLT
233,HOLX,http://www.sec.gov/cgi-bin/browse-edgar?action=getcompany&CIK=HOLX
234,HD,http://www.sec.gov/cgi-bin/browse-edgar?action=getcompany&CIK=HD
235,HON,http://www.sec.gov/cgi-bin/browse-edgar?action=getcompany&CIK=HON
236,HRL,http://www.sec.gov/cgi-bin/browse-edgar?action=getcompany&CIK=HRL
237,HST,http://www.sec.gov/cgi-bin/browse-edgar?action=getcompany&CIK=HST
238,HPQ,http://www.sec.gov/cgi-bin/browse-edgar?action=getcompany&CIK=HPQ
239,HUM,http://www.sec.gov/cgi-bin/browse-edgar?action=getcompany&CIK=HUM
240,HBAN,http://www.sec.gov/cgi-bin/browse-edgar?action=getcompany&CIK=HBAN
241,HII,http://www.sec.gov/cgi-bin/browse-edgar?action=getcompany&CIK=HII
242,IDXX,http://www.sec.gov/cgi-bin/browse-edgar?action=getcompany&CIK=IDXX
243,INFO,http://www.sec.gov/cgi-bin/browse-edgar?action=getcompany&CIK=INFO
244,ITW,http://www.sec.gov/cgi-bin/browse-edgar?action=getcompany&CIK=ITW
245,ILMN,http://www.sec.gov/cgi-bin/browse-edgar?action=getcompany&CIK=ILMN
246,INCY,http://www.sec.gov/cgi-bin/browse-edgar?action=getcompany&CIK=INCY
247,IR,http://www.sec.gov/cgi-bin/browse-edgar?action=getcompany&CIK=IR
248,INTC,http://www.sec.gov/cgi-bin/browse-edgar?action=getcompany&CIK=INTC
249,ICE,http://www.sec.gov/cgi-bin/browse-edgar?action=getcompany&CIK=ICE
250,IBM,http://www.sec.gov/cgi-bin/browse-edgar?action=getcompany&CIK=IBM
251,IP,http://www.sec.gov/cgi-bin/browse-edgar?action=getcompany&CIK=IP
252,IPG,http://www.sec.gov/cgi-bin/browse-edgar?action=getcompany&CIK=IPG
253,IFF,http://www.sec.gov/cgi-bin/browse-edgar?action=getcompany&CIK=IFF
254,INTU,http://www.sec.gov/cgi-bin/browse-edgar?action=getcompany&CIK=INTU
255,ISRG,http://www.sec.gov/cgi-bin/browse-edgar?action=getcompany&CIK=ISRG
256,IVZ,http://www.sec.gov/cgi-bin/browse-edgar?action=getcompany&CIK=IVZ
257,IQV,http://www.sec.gov/cgi-bin/browse-edgar?action=getcompany&CIK=IQV
258,IRM,http://www.sec.gov/cgi-bin/browse-edgar?action=getcompany&CIK=IRM
259,JBHT,http://www.sec.gov/cgi-bin/browse-edgar?action=getcompany&CIK=JBHT
260,JEC,http://www.sec.gov/cgi-bin/browse-edgar?action=getcompany&CIK=JEC
261,SJM,http://www.sec.gov/cgi-bin/browse-edgar?action=getcompany&CIK=SJM
262,JNJ,http://www.sec.gov/cgi-bin/browse-edgar?action=getcompany&CIK=JNJ
263,JCI,http://www.sec.gov/cgi-bin/browse-edgar?action=getcompany&CIK=JCI
264,JPM,http://www.sec.gov/cgi-bin/browse-edgar?action=getcompany&CIK=JPM
265,JNPR,http://www.sec.gov/cgi-bin/browse-edgar?action=getcompany&CIK=JNPR
266,KSU,http://www.sec.gov/cgi-bin/browse-edgar?action=getcompany&CIK=KSU
267,K,http://www.sec.gov/cgi-bin/browse-edgar?action=getcompany&CIK=K
268,KEY,http://www.sec.gov/cgi-bin/browse-edgar?action=getcompany&CIK=KEY
269,KMB,http://www.sec.gov/cgi-bin/browse-edgar?action=getcompany&CIK=KMB
270,KIM,http://www.sec.gov/cgi-bin/browse-edgar?action=getcompany&CIK=KIM
271,KMI,http://www.sec.gov/cgi-bin/browse-edgar?action=getcompany&CIK=KMI
272,KLAC,http://www.sec.gov/cgi-bin/browse-edgar?action=getcompany&CIK=KLAC
273,KSS,http://www.sec.gov/cgi-bin/browse-edgar?action=getcompany&CIK=KSS
274,KHC,http://www.sec.gov/cgi-bin/browse-edgar?action=getcompany&CIK=KHC
275,KR,http://www.sec.gov/cgi-bin/browse-edgar?action=getcompany&CIK=KR
276,LB,http://www.sec.gov/cgi-bin/browse-edgar?action=getcompany&CIK=LB
277,LLL,http://www.sec.gov/cgi-bin/browse-edgar?action=getcompany&CIK=LLL
278,LH,http://www.sec.gov/cgi-bin/browse-edgar?action=getcompany&CIK=LH
279,LRCX,http://www.sec.gov/cgi-bin/browse-edgar?action=getcompany&CIK=LRCX
280,LEG,http://www.sec.gov/cgi-bin/browse-edgar?action=getcompany&CIK=LEG
281,LEN,http://www.sec.gov/cgi-bin/browse-edgar?action=getcompany&CIK=LEN
282,LUK,http://www.sec.gov/cgi-bin/browse-edgar?action=getcompany&CIK=LUK
283,LLY,http://www.sec.gov/cgi-bin/browse-edgar?action=getcompany&CIK=LLY
284,LNC,http://www.sec.gov/cgi-bin/browse-edgar?action=getcompany&CIK=LNC
285,LKQ,http://www.sec.gov/cgi-bin/browse-edgar?action=getcompany&CIK=LKQ
286,LMT,http://www.sec.gov/cgi-bin/browse-edgar?action=getcompany&CIK=LMT
287,L,http://www.sec.gov/cgi-bin/browse-edgar?action=getcompany&CIK=L
288,LOW,http://www.sec.gov/cgi-bin/browse-edgar?action=getcompany&CIK=LOW
289,LYB,http://www.sec.gov/cgi-bin/browse-edgar?action=getcompany&CIK=LYB
290,MTB,http://www.sec.gov/cgi-bin/browse-edgar?action=getcompany&CIK=MTB
291,MAC,http://www.sec.gov/cgi-bin/browse-edgar?action=getcompany&CIK=MAC
292,M,http://www.sec.gov/cgi-bin/browse-edgar?action=getcompany&CIK=M
293,MRO,http://www.sec.gov/cgi-bin/browse-edgar?action=getcompany&CIK=MRO
294,MPC,http://www.sec.gov/cgi-bin/browse-edgar?action=getcompany&CIK=MPC
295,MAR,http://www.sec.gov/cgi-bin/browse-edgar?action=getcompany&CIK=MAR
296,MMC,http://www.sec.gov/cgi-bin/browse-edgar?action=getcompany&CIK=MMC
297,MLM,http://www.sec.gov/cgi-bin/browse-edgar?action=getcompany&CIK=MLM
298,MAS,http://www.sec.gov/cgi-bin/browse-edgar?action=getcompany&CIK=MAS
299,MA,http://www.sec.gov/cgi-bin/browse-edgar?action=getcompany&CIK=MA
300,MAT,http://www.sec.gov/cgi-bin/browse-edgar?action=getcompany&CIK=MAT
301,MKC,http://www.sec.gov/cgi-bin/browse-edgar?action=getcompany&CIK=MKC
302,MCD,http://www.sec.gov/cgi-bin/browse-edgar?action=getcompany&CIK=MCD
303,MCK,http://www.sec.gov/cgi-bin/browse-edgar?action=getcompany&CIK=MCK
304,MDT,http://www.sec.gov/cgi-bin/browse-edgar?action=getcompany&CIK=MDT
305,MRK,http://www.sec.gov/cgi-bin/browse-edgar?action=getcompany&CIK=MRK
306,MET,http://www.sec.gov/cgi-bin/browse-edgar?action=getcompany&CIK=MET
307,MTD,http://www.sec.gov/cgi-bin/browse-edgar?action=getcompany&CIK=MTD
308,MGM,http://www.sec.gov/cgi-bin/browse-edgar?action=getcompany&CIK=MGM
309,KORS,http://www.sec.gov/cgi-bin/browse-edgar?action=getcompany&CIK=KORS
310,MCHP,http://www.sec.gov/cgi-bin/browse-edgar?action=getcompany&CIK=MCHP
311,MU,http://www.sec.gov/cgi-bin/browse-edgar?action=getcompany&CIK=MU
312,MSFT,http://www.sec.gov/cgi-bin/browse-edgar?action=getcompany&CIK=MSFT
313,MAA,http://www.sec.gov/cgi-bin/browse-edgar?action=getcompany&CIK=MAA
314,MHK,http://www.sec.gov/cgi-bin/browse-edgar?action=getcompany&CIK=MHK
315,TAP,http://www.sec.gov/cgi-bin/browse-edgar?action=getcompany&CIK=TAP
316,MDLZ,http://www.sec.gov/cgi-bin/browse-edgar?action=getcompany&CIK=MDLZ
317,MON,http://www.sec.gov/cgi-bin/browse-edgar?action=getcompany&CIK=MON
318,MNST,http://www.sec.gov/cgi-bin/browse-edgar?action=getcompany&CIK=MNST
319,MCO,http://www.sec.gov/cgi-bin/browse-edgar?action=getcompany&CIK=MCO
320,MS,http://www.sec.gov/cgi-bin/browse-edgar?action=getcompany&CIK=MS
321,MSI,http://www.sec.gov/cgi-bin/browse-edgar?action=getcompany&CIK=MSI
322,MYL,http://www.sec.gov/cgi-bin/browse-edgar?action=getcompany&CIK=MYL
323,NDAQ,http://www.sec.gov/cgi-bin/browse-edgar?action=getcompany&CIK=NDAQ
324,NOV,http://www.sec.gov/cgi-bin/browse-edgar?action=getcompany&CIK=NOV
325,NAVI,http://www.sec.gov/cgi-bin/browse-edgar?action=getcompany&CIK=NAVI
326,NTAP,http://www.sec.gov/cgi-bin/browse-edgar?action=getcompany&CIK=NTAP
327,NFLX,http://www.sec.gov/cgi-bin/browse-edgar?action=getcompany&CIK=NFLX
328,NWL,http://www.sec.gov/cgi-bin/browse-edgar?action=getcompany&CIK=NWL
329,NFX,http://www.sec.gov/cgi-bin/browse-edgar?action=getcompany&CIK=NFX
330,NEM,http://www.sec.gov/cgi-bin/browse-edgar?action=getcompany&CIK=NEM
331,NWSA,http://www.sec.gov/cgi-bin/browse-edgar?action=getcompany&CIK=NWSA
332,NWS,http://www.sec.gov/cgi-bin/browse-edgar?action=getcompany&CIK=NWS
333,NEE,http://www.sec.gov/cgi-bin/browse-edgar?action=getcompany&CIK=NEE
334,NLSN,http://www.sec.gov/cgi-bin/browse-edgar?action=getcompany&CIK=NLSN
335,NKE,http://www.sec.gov/cgi-bin/browse-edgar?action=getcompany&CIK=NKE
336,NI,http://www.sec.gov/cgi-bin/browse-edgar?action=getcompany&CIK=NI
337,NBL,http://www.sec.gov/cgi-bin/browse-edgar?action=getcompany&CIK=NBL
338,JWN,http://www.sec.gov/cgi-bin/browse-edgar?action=getcompany&CIK=JWN
339,NSC,http://www.sec.gov/cgi-bin/browse-edgar?action=getcompany&CIK=NSC
340,NTRS,http://www.sec.gov/cgi-bin/browse-edgar?action=getcompany&CIK=NTRS
341,NOC,http://www.sec.gov/cgi-bin/browse-edgar?action=getcompany&CIK=NOC
342,NCLH,http://www.sec.gov/cgi-bin/browse-edgar?action=getcompany&CIK=NCLH
343,NRG,http://www.sec.gov/cgi-bin/browse-edgar?action=getcompany&CIK=NRG
344,NUE,http://www.sec.gov/cgi-bin/browse-edgar?action=getcompany&CIK=NUE
345,NVDA,http://www.sec.gov/cgi-bin/browse-edgar?action=getcompany&CIK=NVDA
346,ORLY,http://www.sec.gov/cgi-bin/browse-edgar?action=getcompany&CIK=ORLY
347,OXY,http://www.sec.gov/cgi-bin/browse-edgar?action=getcompany&CIK=OXY
348,OMC,http://www.sec.gov/cgi-bin/browse-edgar?action=getcompany&CIK=OMC
349,OKE,http://www.sec.gov/cgi-bin/browse-edgar?action=getcompany&CIK=OKE
350,ORCL,http://www.sec.gov/cgi-bin/browse-edgar?action=getcompany&CIK=ORCL
351,PCAR,http://www.sec.gov/cgi-bin/browse-edgar?action=getcompany&CIK=PCAR
352,PKG,http://www.sec.gov/cgi-bin/browse-edgar?action=getcompany&CIK=PKG
353,PH,http://www.sec.gov/cgi-bin/browse-edgar?action=getcompany&CIK=PH
354,PDCO,http://www.sec.gov/cgi-bin/browse-edgar?action=getcompany&CIK=PDCO
355,PAYX,http://www.sec.gov/cgi-bin/browse-edgar?action=getcompany&CIK=PAYX
356,PYPL,http://www.sec.gov/cgi-bin/browse-edgar?action=getcompany&CIK=PYPL
357,PNR,http://www.sec.gov/cgi-bin/browse-edgar?action=getcompany&CIK=PNR
358,PBCT,http://www.sec.gov/cgi-bin/browse-edgar?action=getcompany&CIK=PBCT
359,PEP,http://www.sec.gov/cgi-bin/browse-edgar?action=getcompany&CIK=PEP
360,PKI,http://www.sec.gov/cgi-bin/browse-edgar?action=getcompany&CIK=PKI
361,PRGO,http://www.sec.gov/cgi-bin/browse-edgar?action=getcompany&CIK=PRGO
362,PFE,http://www.sec.gov/cgi-bin/browse-edgar?action=getcompany&CIK=PFE
363,PCG,http://www.sec.gov/cgi-bin/browse-edgar?action=getcompany&CIK=PCG
364,PM,http://www.sec.gov/cgi-bin/browse-edgar?action=getcompany&CIK=PM
365,PSX,http://www.sec.gov/cgi-bin/browse-edgar?action=getcompany&CIK=PSX
366,PNW,http://www.sec.gov/cgi-bin/browse-edgar?action=getcompany&CIK=PNW
367,PXD,http://www.sec.gov/cgi-bin/browse-edgar?action=getcompany&CIK=PXD
368,PNC,http://www.sec.gov/cgi-bin/browse-edgar?action=getcompany&CIK=PNC
369,RL,http://www.sec.gov/cgi-bin/browse-edgar?action=getcompany&CIK=RL
370,PPG,http://www.sec.gov/cgi-bin/browse-edgar?action=getcompany&CIK=PPG
371,PPL,http://www.sec.gov/cgi-bin/browse-edgar?action=getcompany&CIK=PPL
372,PX,http://www.sec.gov/cgi-bin/browse-edgar?action=getcompany&CIK=PX
373,PCLN,http://www.sec.gov/cgi-bin/browse-edgar?action=getcompany&CIK=PCLN
374,PFG,http://www.sec.gov/cgi-bin/browse-edgar?action=getcompany&CIK=PFG
375,PG,http://www.sec.gov/cgi-bin/browse-edgar?action=getcompany&CIK=PG
376,PGR,http://www.sec.gov/cgi-bin/browse-edgar?action=getcompany&CIK=PGR
377,PLD,http://www.sec.gov/cgi-bin/browse-edgar?action=getcompany&CIK=PLD
378,PRU,http://www.sec.gov/cgi-bin/browse-edgar?action=getcompany&CIK=PRU
379,PEG,http://www.sec.gov/cgi-bin/browse-edgar?action=getcompany&CIK=PEG
380,PSA,http://www.sec.gov/cgi-bin/browse-edgar?action=getcompany&CIK=PSA
381,PHM,http://www.sec.gov/cgi-bin/browse-edgar?action=getcompany&CIK=PHM
382,PVH,http://www.sec.gov/cgi-bin/browse-edgar?action=getcompany&CIK=PVH
383,QRVO,http://www.sec.gov/cgi-bin/browse-edgar?action=getcompany&CIK=QRVO
384,QCOM,http://www.sec.gov/cgi-bin/browse-edgar?action=getcompany&CIK=QCOM
385,PWR,http://www.sec.gov/cgi-bin/browse-edgar?action=getcompany&CIK=PWR
386,DGX,http://www.sec.gov/cgi-bin/browse-edgar?action=getcompany&CIK=DGX
387,RRC,http://www.sec.gov/cgi-bin/browse-edgar?action=getcompany&CIK=RRC
388,RJF,http://www.sec.gov/cgi-bin/browse-edgar?action=getcompany&CIK=RJF
389,RTN,http://www.sec.gov/cgi-bin/browse-edgar?action=getcompany&CIK=RTN
390,O,http://www.sec.gov/cgi-bin/browse-edgar?action=getcompany&CIK=O
391,RHT,http://www.sec.gov/cgi-bin/browse-edgar?action=getcompany&CIK=RHT
392,REG,http://www.sec.gov/cgi-bin/browse-edgar?action=getcompany&CIK=REG
393,REGN,http://www.sec.gov/cgi-bin/browse-edgar?action=getcompany&CIK=REGN
394,RF,http://www.sec.gov/cgi-bin/browse-edgar?action=getcompany&CIK=RF
395,RSG,http://www.sec.gov/cgi-bin/browse-edgar?action=getcompany&CIK=RSG
396,RMD,http://www.sec.gov/cgi-bin/browse-edgar?action=getcompany&CIK=RMD
397,RHI,http://www.sec.gov/cgi-bin/browse-edgar?action=getcompany&CIK=RHI
398,ROK,http://www.sec.gov/cgi-bin/browse-edgar?action=getcompany&CIK=ROK
399,COL,http://www.sec.gov/cgi-bin/browse-edgar?action=getcompany&CIK=COL
400,ROP,http://www.sec.gov/cgi-bin/browse-edgar?action=getcompany&CIK=ROP
401,ROST,http://www.sec.gov/cgi-bin/browse-edgar?action=getcompany&CIK=ROST
402,RCL,http://www.sec.gov/cgi-bin/browse-edgar?action=getcompany&CIK=RCL
403,SPGI,http://www.sec.gov/cgi-bin/browse-edgar?action=getcompany&CIK=SPGI
404,CRM,http://www.sec.gov/cgi-bin/browse-edgar?action=getcompany&CIK=CRM
405,SBAC,http://www.sec.gov/cgi-bin/browse-edgar?action=getcompany&CIK=SBAC
406,SCG,http://www.sec.gov/cgi-bin/browse-edgar?action=getcompany&CIK=SCG
407,SLB,http://www.sec.gov/cgi-bin/browse-edgar?action=getcompany&CIK=SLB
408,SNI,http://www.sec.gov/cgi-bin/browse-edgar?action=getcompany&CIK=SNI
409,STX,http://www.sec.gov/cgi-bin/browse-edgar?action=getcompany&CIK=STX
410,SEE,http://www.sec.gov/cgi-bin/browse-edgar?action=getcompany&CIK=SEE
411,SRE,http://www.sec.gov/cgi-bin/browse-edgar?action=getcompany&CIK=SRE
412,SHW,http://www.sec.gov/cgi-bin/browse-edgar?action=getcompany&CIK=SHW
413,SIG,http://www.sec.gov/cgi-bin/browse-edgar?action=getcompany&CIK=SIG
414,SPG,http://www.sec.gov/cgi-bin/browse-edgar?action=getcompany&CIK=SPG
415,SWKS,http://www.sec.gov/cgi-bin/browse-edgar?action=getcompany&CIK=SWKS
416,SLG,http://www.sec.gov/cgi-bin/browse-edgar?action=getcompany&CIK=SLG
417,SNA,http://www.sec.gov/cgi-bin/browse-edgar?action=getcompany&CIK=SNA
418,SO,http://www.sec.gov/cgi-bin/browse-edgar?action=getcompany&CIK=SO
419,LUV,http://www.sec.gov/cgi-bin/browse-edgar?action=getcompany&CIK=LUV
420,SWK,http://www.sec.gov/cgi-bin/browse-edgar?action=getcompany&CIK=SWK
421,SBUX,http://www.sec.gov/cgi-bin/browse-edgar?action=getcompany&CIK=SBUX
422,STT,http://www.sec.gov/cgi-bin/browse-edgar?action=getcompany&CIK=STT
423,SRCL,http://www.sec.gov/cgi-bin/browse-edgar?action=getcompany&CIK=SRCL
424,SYK,http://www.sec.gov/cgi-bin/browse-edgar?action=getcompany&CIK=SYK
425,STI,http://www.sec.gov/cgi-bin/browse-edgar?action=getcompany&CIK=STI
426,SYMC,http://www.sec.gov/cgi-bin/browse-edgar?action=getcompany&CIK=SYMC
427,SYF,http://www.sec.gov/cgi-bin/browse-edgar?action=getcompany&CIK=SYF
428,SNPS,http://www.sec.gov/cgi-bin/browse-edgar?action=getcompany&CIK=SNPS
429,SYY,http://www.sec.gov/cgi-bin/browse-edgar?action=getcompany&CIK=SYY
430,TROW,http://www.sec.gov/cgi-bin/browse-edgar?action=getcompany&CIK=TROW
431,TPR,http://www.sec.gov/cgi-bin/browse-edgar?action=getcompany&CIK=TPR
432,TGT,http://www.sec.gov/cgi-bin/browse-edgar?action=getcompany&CIK=TGT
433,TEL,http://www.sec.gov/cgi-bin/browse-edgar?action=getcompany&CIK=TEL
434,FTI,http://www.sec.gov/cgi-bin/browse-edgar?action=getcompany&CIK=FTI
435,TXN,http://www.sec.gov/cgi-bin/browse-edgar?action=getcompany&CIK=TXN
436,TXT,http://www.sec.gov/cgi-bin/browse-edgar?action=getcompany&CIK=TXT
437,BK,http://www.sec.gov/cgi-bin/browse-edgar?action=getcompany&CIK=BK
438,CLX,http://www.sec.gov/cgi-bin/browse-edgar?action=getcompany&CIK=CLX
439,COO,http://www.sec.gov/cgi-bin/browse-edgar?action=getcompany&CIK=COO
440,HSY,http://www.sec.gov/cgi-bin/browse-edgar?action=getcompany&CIK=HSY
441,MOS,http://www.sec.gov/cgi-bin/browse-edgar?action=getcompany&CIK=MOS
442,TRV,http://www.sec.gov/cgi-bin/browse-edgar?action=getcompany&CIK=TRV
443,DIS,http://www.sec.gov/cgi-bin/browse-edgar?action=getcompany&CIK=DIS
444,TMO,http://www.sec.gov/cgi-bin/browse-edgar?action=getcompany&CIK=TMO
445,TIF,http://www.sec.gov/cgi-bin/browse-edgar?action=getcompany&CIK=TIF
446,TWX,http://www.sec.gov/cgi-bin/browse-edgar?action=getcompany&CIK=TWX
447,TJX,http://www.sec.gov/cgi-bin/browse-edgar?action=getcompany&CIK=TJX
448,TMK,http://www.sec.gov/cgi-bin/browse-edgar?action=getcompany&CIK=TMK
449,TSS,http://www.sec.gov/cgi-bin/browse-edgar?action=getcompany&CIK=TSS
450,TSCO,http://www.sec.gov/cgi-bin/browse-edgar?action=getcompany&CIK=TSCO
451,TDG,http://www.sec.gov/cgi-bin/browse-edgar?action=getcompany&CIK=TDG
452,TRIP,http://www.sec.gov/cgi-bin/browse-edgar?action=getcompany&CIK=TRIP
453,FOXA,http://www.sec.gov/cgi-bin/browse-edgar?action=getcompany&CIK=FOXA
454,FOX,http://www.sec.gov/cgi-bin/browse-edgar?action=getcompany&CIK=FOX
455,TSN,http://www.sec.gov/cgi-bin/browse-edgar?action=getcompany&CIK=TSN
456,USB,http://www.sec.gov/cgi-bin/browse-edgar?action=getcompany&CIK=USB
457,UDR,http://www.sec.gov/cgi-bin/browse-edgar?action=getcompany&CIK=UDR
458,ULTA,http://www.sec.gov/cgi-bin/browse-edgar?action=getcompany&CIK=ULTA
459,UAA,http://www.sec.gov/cgi-bin/browse-edgar?action=getcompany&CIK=UAA
460,UA,http://www.sec.gov/cgi-bin/browse-edgar?action=getcompany&CIK=UA
461,UNP,http://www.sec.gov/cgi-bin/browse-edgar?action=getcompany&CIK=UNP
462,UAL,http://www.sec.gov/cgi-bin/browse-edgar?action=getcompany&CIK=UAL
463,UNH,http://www.sec.gov/cgi-bin/browse-edgar?action=getcompany&CIK=UNH
464,UPS,http://www.sec.gov/cgi-bin/browse-edgar?action=getcompany&CIK=UPS
465,URI,http://www.sec.gov/cgi-bin/browse-edgar?action=getcompany&CIK=URI
466,UTX,http://www.sec.gov/cgi-bin/browse-edgar?action=getcompany&CIK=UTX
467,UHS,http://www.sec.gov/cgi-bin/browse-edgar?action=getcompany&CIK=UHS
468,UNM,http://www.sec.gov/cgi-bin/browse-edgar?action=getcompany&CIK=UNM
469,VFC,http://www.sec.gov/cgi-bin/browse-edgar?action=getcompany&CIK=VFC
470,VLO,http://www.sec.gov/cgi-bin/browse-edgar?action=getcompany&CIK=VLO
471,VAR,http://www.sec.gov/cgi-bin/browse-edgar?action=getcompany&CIK=VAR
472,VTR,http://www.sec.gov/cgi-bin/browse-edgar?action=getcompany&CIK=VTR
473,VRSN,http://www.sec.gov/cgi-bin/browse-edgar?action=getcompany&CIK=VRSN
474,VRSK,http://www.sec.gov/cgi-bin/browse-edgar?action=getcompany&CIK=VRSK
475,VZ,http://www.sec.gov/cgi-bin/browse-edgar?action=getcompany&CIK=VZ
476,VRTX,http://www.sec.gov/cgi-bin/browse-edgar?action=getcompany&CIK=VRTX
477,VIAB,http://www.sec.gov/cgi-bin/browse-edgar?action=getcompany&CIK=VIAB
478,V,http://www.sec.gov/cgi-bin/browse-edgar?action=getcompany&CIK=V
479,VNO,http://www.sec.gov/cgi-bin/browse-edgar?action=getcompany&CIK=VNO
480,VMC,http://www.sec.gov/cgi-bin/browse-edgar?action=getcompany&CIK=VMC
481,WMT,http://www.sec.gov/cgi-bin/browse-edgar?action=getcompany&CIK=WMT
482,WBA,http://www.sec.gov/cgi-bin/browse-edgar?action=getcompany&CIK=WBA
483,WM,http://www.sec.gov/cgi-bin/browse-edgar?action=getcompany&CIK=WM
484,WAT,http://www.sec.gov/cgi-bin/browse-edgar?action=getcompany&CIK=WAT
485,WEC,http://www.sec.gov/cgi-bin/browse-edgar?action=getcompany&CIK=WEC
486,WFC,http://www.sec.gov/cgi-bin/browse-edgar?action=getcompany&CIK=WFC
487,HCN,http://www.sec.gov/cgi-bin/browse-edgar?action=getcompany&CIK=HCN
488,WDC,http://www.sec.gov/cgi-bin/browse-edgar?action=getcompany&CIK=WDC
489,WU,http://www.sec.gov/cgi-bin/browse-edgar?action=getcompany&CIK=WU
490,WRK,http://www.sec.gov/cgi-bin/browse-edgar?action=getcompany&CIK=WRK
491,WY,http://www.sec.gov/cgi-bin/browse-edgar?action=getcompany&CIK=WY
492,WHR,http://www.sec.gov/cgi-bin/browse-edgar?action=getcompany&CIK=WHR
493,WMB,http://www.sec.gov/cgi-bin/browse-edgar?action=getcompany&CIK=WMB
494,WLTW,http://www.sec.gov/cgi-bin/browse-edgar?action=getcompany&CIK=WLTW
495,WYN,http://www.sec.gov/cgi-bin/browse-edgar?action=getcompany&CIK=WYN
496,WYNN,http://www.sec.gov/cgi-bin/browse-edgar?action=getcompany&CIK=WYNN
497,XEL,http://www.sec.gov/cgi-bin/browse-edgar?action=getcompany&CIK=XEL
498,XRX,http://www.sec.gov/cgi-bin/browse-edgar?action=getcompany&CIK=XRX
499,XLNX,http://www.sec.gov/cgi-bin/browse-edgar?action=getcompany&CIK=XLNX
500,XL,http://www.sec.gov/cgi-bin/browse-edgar?action=getcompany&CIK=XL
501,XYL,http://www.sec.gov/cgi-bin/browse-edgar?action=getcompany&CIK=XYL
502,YUM,http://www.sec.gov/cgi-bin/browse-edgar?action=getcompany&CIK=YUM
503,ZBH,http://www.sec.gov/cgi-bin/browse-edgar?action=getcompany&CIK=ZBH
504,ZION,http://www.sec.gov/cgi-bin/browse-edgar?action=getcompany&CIK=ZION
505,ZTS,http://www.sec.gov/cgi-bin/browse-edgar?action=getcompany&CIK=ZTS
